"discount_level","avg_profit","total_sales","total_profit","transactions","profit_per_order","pct_transactions"
"No Discount",66.9002924551897,1087908.47,320987.6032,4798,66.9,48
"Low (≤20%)",26.5015709965816,846522.2405,100785.4745,3803,26.5,38.1
"Medium (21-50%)",-109.528872811918,298541.4118,-58817.0047,537,-109.53,5.4
"High (>50%)",-89.4381440420561,64228.738,-76559.0513,856,-89.44,8.6
